profile_id,job_id,grade,reviewer,rationale,resume_quote,job_quote,profile_text,job_description
p01,j01,,,,,,Python Django PostgreSQL REST APIs unit testing Git Docker. Two years backend developer experience. Based in Karachi; hybrid or Pakistan remote work.,"Required: Python, Django, PostgreSQL, REST APIs, testing and two years of backend experience. Preferred: Docker."
p01,j02,,,,,,Python Django PostgreSQL REST APIs unit testing Git Docker. Two years backend developer experience. Based in Karachi; hybrid or Pakistan remote work.,"Required: Python, FastAPI, SQL and Git. Zero to two years of experience. Preferred: Django and unit testing."
p01,j03,,,,,,Python Django PostgreSQL REST APIs unit testing Git Docker. Two years backend developer experience. Based in Karachi; hybrid or Pakistan remote work.,"Required: Python, Django, PostgreSQL, distributed systems and six years of backend experience. Preferred: Kubernetes."
p01,j04,,,,,,Python Django PostgreSQL REST APIs unit testing Git Docker. Two years backend developer experience. Based in Karachi; hybrid or Pakistan remote work.,"Required: JavaScript, React, CSS, HTML and two years of frontend experience. Preferred: TypeScript."
p01,j05,,,,,,Python Django PostgreSQL REST APIs unit testing Git Docker. Two years backend developer experience. Based in Karachi; hybrid or Pakistan remote work.,"Required: SQL, Excel, dashboards, statistics and one year of analytics experience. Preferred: Python and pandas."
p01,j06,,,,,,Python Django PostgreSQL REST APIs unit testing Git Docker. Two years backend developer experience. Based in Karachi; hybrid or Pakistan remote work.,"Required: Python, pandas, scikit-learn, statistics and machine learning projects. Preferred: SQL and model evaluation. Zero to two years of experience."
p01,j07,,,,,,Python Django PostgreSQL REST APIs unit testing Git Docker. Two years backend developer experience. Based in Karachi; hybrid or Pakistan remote work.,"Required: Python, scikit-learn, model evaluation, Docker, FastAPI and two years of production machine learning experience. Preferred: MLflow."
p01,j08,,,,,,Python Django PostgreSQL REST APIs unit testing Git Docker. Two years backend developer experience. Based in Karachi; hybrid or Pakistan remote work.,"Required: Python, transformers, natural language processing, research publications and five years of research experience. Preferred: PyTorch."
p01,j09,,,,,,Python Django PostgreSQL REST APIs unit testing Git Docker. Two years backend developer experience. Based in Karachi; hybrid or Pakistan remote work.,"Required: React, JavaScript, TypeScript, CSS, accessibility and two years of frontend experience. Preferred: testing."
p01,j10,,,,,,Python Django PostgreSQL REST APIs unit testing Git Docker. Two years backend developer experience. Based in Karachi; hybrid or Pakistan remote work.,"Required: HTML, CSS, JavaScript and Git. Zero to one year of experience. Preferred: React."
p01,j11,,,,,,Python Django PostgreSQL REST APIs unit testing Git Docker. Two years backend developer experience. Based in Karachi; hybrid or Pakistan remote work.,"Required: Linux, Docker, Kubernetes, AWS, CI/CD and three years of infrastructure experience. Preferred: Python."
p01,j12,,,,,,Python Django PostgreSQL REST APIs unit testing Git Docker. Two years backend developer experience. Based in Karachi; hybrid or Pakistan remote work.,"Required: Java, Spring, SQL, REST APIs and two years of backend experience. Preferred: PostgreSQL."
p02,j01,,,,,,Python pandas scikit-learn statistics SQL machine learning model evaluation projects. One year data analyst experience. Pakistan remote work.,"Required: Python, Django, PostgreSQL, REST APIs, testing and two years of backend experience. Preferred: Docker."
p02,j02,,,,,,Python pandas scikit-learn statistics SQL machine learning model evaluation projects. One year data analyst experience. Pakistan remote work.,"Required: Python, FastAPI, SQL and Git. Zero to two years of experience. Preferred: Django and unit testing."
p02,j03,,,,,,Python pandas scikit-learn statistics SQL machine learning model evaluation projects. One year data analyst experience. Pakistan remote work.,"Required: Python, Django, PostgreSQL, distributed systems and six years of backend experience. Preferred: Kubernetes."
p02,j04,,,,,,Python pandas scikit-learn statistics SQL machine learning model evaluation projects. One year data analyst experience. Pakistan remote work.,"Required: JavaScript, React, CSS, HTML and two years of frontend experience. Preferred: TypeScript."
p02,j05,,,,,,Python pandas scikit-learn statistics SQL machine learning model evaluation projects. One year data analyst experience. Pakistan remote work.,"Required: SQL, Excel, dashboards, statistics and one year of analytics experience. Preferred: Python and pandas."
p02,j06,,,,,,Python pandas scikit-learn statistics SQL machine learning model evaluation projects. One year data analyst experience. Pakistan remote work.,"Required: Python, pandas, scikit-learn, statistics and machine learning projects. Preferred: SQL and model evaluation. Zero to two years of experience."
p02,j07,,,,,,Python pandas scikit-learn statistics SQL machine learning model evaluation projects. One year data analyst experience. Pakistan remote work.,"Required: Python, scikit-learn, model evaluation, Docker, FastAPI and two years of production machine learning experience. Preferred: MLflow."
p02,j08,,,,,,Python pandas scikit-learn statistics SQL machine learning model evaluation projects. One year data analyst experience. Pakistan remote work.,"Required: Python, transformers, natural language processing, research publications and five years of research experience. Preferred: PyTorch."
p02,j09,,,,,,Python pandas scikit-learn statistics SQL machine learning model evaluation projects. One year data analyst experience. Pakistan remote work.,"Required: React, JavaScript, TypeScript, CSS, accessibility and two years of frontend experience. Preferred: testing."
p02,j10,,,,,,Python pandas scikit-learn statistics SQL machine learning model evaluation projects. One year data analyst experience. Pakistan remote work.,"Required: HTML, CSS, JavaScript and Git. Zero to one year of experience. Preferred: React."
p02,j11,,,,,,Python pandas scikit-learn statistics SQL machine learning model evaluation projects. One year data analyst experience. Pakistan remote work.,"Required: Linux, Docker, Kubernetes, AWS, CI/CD and three years of infrastructure experience. Preferred: Python."
p02,j12,,,,,,Python pandas scikit-learn statistics SQL machine learning model evaluation projects. One year data analyst experience. Pakistan remote work.,"Required: Java, Spring, SQL, REST APIs and two years of backend experience. Preferred: PostgreSQL."
p03,j01,,,,,,React JavaScript TypeScript HTML CSS accessibility Git testing. Two years frontend developer experience. Karachi hybrid or Pakistan remote work.,"Required: Python, Django, PostgreSQL, REST APIs, testing and two years of backend experience. Preferred: Docker."
p03,j02,,,,,,React JavaScript TypeScript HTML CSS accessibility Git testing. Two years frontend developer experience. Karachi hybrid or Pakistan remote work.,"Required: Python, FastAPI, SQL and Git. Zero to two years of experience. Preferred: Django and unit testing."
p03,j03,,,,,,React JavaScript TypeScript HTML CSS accessibility Git testing. Two years frontend developer experience. Karachi hybrid or Pakistan remote work.,"Required: Python, Django, PostgreSQL, distributed systems and six years of backend experience. Preferred: Kubernetes."
p03,j04,,,,,,React JavaScript TypeScript HTML CSS accessibility Git testing. Two years frontend developer experience. Karachi hybrid or Pakistan remote work.,"Required: JavaScript, React, CSS, HTML and two years of frontend experience. Preferred: TypeScript."
p03,j05,,,,,,React JavaScript TypeScript HTML CSS accessibility Git testing. Two years frontend developer experience. Karachi hybrid or Pakistan remote work.,"Required: SQL, Excel, dashboards, statistics and one year of analytics experience. Preferred: Python and pandas."
p03,j06,,,,,,React JavaScript TypeScript HTML CSS accessibility Git testing. Two years frontend developer experience. Karachi hybrid or Pakistan remote work.,"Required: Python, pandas, scikit-learn, statistics and machine learning projects. Preferred: SQL and model evaluation. Zero to two years of experience."
p03,j07,,,,,,React JavaScript TypeScript HTML CSS accessibility Git testing. Two years frontend developer experience. Karachi hybrid or Pakistan remote work.,"Required: Python, scikit-learn, model evaluation, Docker, FastAPI and two years of production machine learning experience. Preferred: MLflow."
p03,j08,,,,,,React JavaScript TypeScript HTML CSS accessibility Git testing. Two years frontend developer experience. Karachi hybrid or Pakistan remote work.,"Required: Python, transformers, natural language processing, research publications and five years of research experience. Preferred: PyTorch."
p03,j09,,,,,,React JavaScript TypeScript HTML CSS accessibility Git testing. Two years frontend developer experience. Karachi hybrid or Pakistan remote work.,"Required: React, JavaScript, TypeScript, CSS, accessibility and two years of frontend experience. Preferred: testing."
p03,j10,,,,,,React JavaScript TypeScript HTML CSS accessibility Git testing. Two years frontend developer experience. Karachi hybrid or Pakistan remote work.,"Required: HTML, CSS, JavaScript and Git. Zero to one year of experience. Preferred: React."
p03,j11,,,,,,React JavaScript TypeScript HTML CSS accessibility Git testing. Two years frontend developer experience. Karachi hybrid or Pakistan remote work.,"Required: Linux, Docker, Kubernetes, AWS, CI/CD and three years of infrastructure experience. Preferred: Python."
p03,j12,,,,,,React JavaScript TypeScript HTML CSS accessibility Git testing. Two years frontend developer experience. Karachi hybrid or Pakistan remote work.,"Required: Java, Spring, SQL, REST APIs and two years of backend experience. Preferred: PostgreSQL."
